{
  "timestamp": 1770896168.2666874,
  "files": {
    "app.py": {
      "lines": 1195,
      "size": 40148,
      "modified": 1770820609.3130062,
      "hash": "0304915b7e616c559e05a9fb697b56c8"
    },
    "linije.py": {
      "lines": 116,
      "size": 4617,
      "modified": 1770658388.5760703,
      "hash": "8411993f3687b6dde288f417011faeb3"
    },
    "linijetab.py": {
      "lines": 230,
      "size": 9585,
      "modified": 1770658560.3687136,
      "hash": "caa7a90b2d864ef7e4c12b993a8c0278"
    },
    "linijetab2.py": {
      "lines": 61,
      "size": 1824,
      "modified": 1770658735.364681,
      "hash": "694c5bcf8666513293fea6adbf0f1d1e"
    },
    "linijetab3.py": {
      "lines": 218,
      "size": 7375,
      "modified": 1770659087.2303648,
      "hash": "73242f4ebf97b721334298138f26f4b9"
    },
    "linijetab4.py": {
      "lines": 436,
      "size": 16852,
      "modified": 1770659313.3656106,
      "hash": "0c3525221022470518b3f32ef8288d53"
    },
    "linijetab5.py": {
      "lines": 443,
      "size": 17107,
      "modified": 1770659576.1128502,
      "hash": "da00d4a613d0dfd1d80759d43735e4f2"
    },
    "linijetab6.py": {
      "lines": 499,
      "size": 20504,
      "modified": 1770895305.218457,
      "hash": "591f20b4b22f7cc02a99960bf7371f8f"
    },
    "linijetab7.py": {
      "lines": 1113,
      "size": 44106,
      "modified": 1770896163.7845297,
      "hash": "04b3d7d4778a4795d4c3973cb56fb084"
    },
    "core\\asset_quality.py": {
      "lines": 189,
      "size": 5125,
      "modified": 1770825118.328161,
      "hash": "92f880c6a2e1f56c448eb400c385d952"
    },
    "core\\attachments_db.py": {
      "lines": 155,
      "size": 4995,
      "modified": 1769970407.457041,
      "hash": "838adeb9c0a0a41832d69204631a4145"
    },
    "core\\attachments_store.py": {
      "lines": 88,
      "size": 2499,
      "modified": 1769970490.4811013,
      "hash": "0039e148d377f6e9bf8ba5fe3d1a4bdb"
    },
    "core\\backup.py": {
      "lines": 481,
      "size": 14393,
      "modified": 1769951321.784789,
      "hash": "ac74d803c82d3071a1e8b5a663bccd3f"
    },
    "core\\config.py": {
      "lines": 155,
      "size": 4243,
      "modified": 1770820185.3587162,
      "hash": "41179ba36378ee493739e64b6ffd2338"
    },
    "core\\db.py": {
      "lines": 1383,
      "size": 44793,
      "modified": 1770887828.7813957,
      "hash": "93bc3db5fce56641bc682fcdf3eb052b"
    },
    "core\\logger.py": {
      "lines": 222,
      "size": 6915,
      "modified": 1770821018.491333,
      "hash": "3b74b97bea1b4644de9cde81fe2cb4cb"
    },
    "core\\log_bundle.py": {
      "lines": 134,
      "size": 4098,
      "modified": 1770821055.3801174,
      "hash": "a08b22f4e9bc11b83cb54422ec66e3b2"
    },
    "core\\paths.py": {
      "lines": 97,
      "size": 2785,
      "modified": 1770460301.8670216,
      "hash": "e8a807789c1f0aac71fb36232cfe9dce"
    },
    "core\\rbac.py": {
      "lines": 314,
      "size": 11320,
      "modified": 1770894227.9260757,
      "hash": "e35f65791332063c4759de209cc6209f"
    },
    "core\\selfcheck.py": {
      "lines": 157,
      "size": 4827,
      "modified": 1769945795.8454592,
      "hash": "e32b6a31c9e018c7f1b98db0bb8f3189"
    },
    "core\\session.py": {
      "lines": 519,
      "size": 14365,
      "modified": 1770894736.766279,
      "hash": "a276a358e8e2e73cac2de1053c166727"
    },
    "core\\__init__.py": {
      "lines": 0,
      "size": 0,
      "modified": 1769972878.9611692,
      "hash": "d41d8cd98f00b204e9800998ecf8427e"
    },
    "services\\assets_service.py": {
      "lines": 889,
      "size": 29264,
      "modified": 1770890508.4350553,
      "hash": "0caca99a3e9e947f0ca8083355b261c9"
    },
    "services\\assignments_service.py": {
      "lines": 216,
      "size": 6430,
      "modified": 1770331572.942804,
      "hash": "3650094230b81aa1aa0f7e5f973e890d"
    },
    "services\\attachments_service.py": {
      "lines": 631,
      "size": 21067,
      "modified": 1770460551.5815268,
      "hash": "4ef8e60a5ef21657dd687f5acd2687d1"
    },
    "services\\audit_service.py": {
      "lines": 394,
      "size": 12265,
      "modified": 1770311143.3125055,
      "hash": "868879e91fa55f301cd6af3cdb635890"
    },
    "services\\custom_fields_service.py": {
      "lines": 511,
      "size": 17092,
      "modified": 1770135149.6156502,
      "hash": "48dc838d5011baebcc07faf40f836d2d"
    },
    "services\\dashboard_service.py": {
      "lines": 1067,
      "size": 38230,
      "modified": 1770370707.6071558,
      "hash": "26bd5a61e23116f84f8bd19660415da5"
    },
    "services\\metrology_service.py": {
      "lines": 1159,
      "size": 35642,
      "modified": 1770889347.397197,
      "hash": "cc32d474f96d5c7ec3588b93a899062b"
    },
    "services\\my_assets_service.py": {
      "lines": 243,
      "size": 7541,
      "modified": 1770454266.7531943,
      "hash": "6e6db1ff4bdaddc09322db17d558e29b"
    },
    "services\\ui_table_view_service.py": {
      "lines": 201,
      "size": 7310,
      "modified": 1770135829.0701287,
      "hash": "7eea9e638c022795cda8f15c797bbaf8"
    },
    "services\\users_service.py": {
      "lines": 2139,
      "size": 72584,
      "modified": 1770896125.6334882,
      "hash": "c36a93d64211acc5bb5ee741278cb335"
    },
    "services\\user_roles_service.py": {
      "lines": 358,
      "size": 11151,
      "modified": 1770464755.4347737,
      "hash": "32af1529f65b611cd7317a1f5b5180d8"
    },
    "services\\_rbac_guard.py": {
      "lines": 106,
      "size": 2862,
      "modified": 1770330792.8526905,
      "hash": "cc3f1d799989e992589493d70dadb464"
    },
    "services\\__init__.py": {
      "lines": 1,
      "size": 4,
      "modified": 1769972895.8460517,
      "hash": "0cf31b2c283ce3431794586df7b0996d"
    },
    "tools\\full_smoke_test.py": {
      "lines": 420,
      "size": 12596,
      "modified": 1770654219.6784017,
      "hash": "d3dd0c5c076e227923d0eb949ca2114e"
    },
    "tools\\full_smoke_testv1.py": {
      "lines": 374,
      "size": 11989,
      "modified": 1770655301.8089743,
      "hash": "a84b8d9d02821edf3a6e92b342ca407b"
    },
    "tools\\full_smoke_testv2.py": {
      "lines": 362,
      "size": 11917,
      "modified": 1770656617.804831,
      "hash": "8111ce668d709a85793512113bcd7090"
    },
    "tools\\scenario_smoke_test.py": {
      "lines": 438,
      "size": 15708,
      "modified": 1770657054.998203,
      "hash": "7aa19b128f859d6dbbbd3a99d9dc46c5"
    },
    "tools\\scenario_smoke_testv1.py": {
      "lines": 423,
      "size": 14404,
      "modified": 1770657364.643391,
      "hash": "874c3855d11b67689e3e347f7e7817f6"
    },
    "tools\\scenario_smoke_testv2.py": {
      "lines": 594,
      "size": 22327,
      "modified": 1770658230.4230554,
      "hash": "e7f5a952aeb8b286e0ebf50420230776"
    },
    "tools\\scenario_smoke_testv3.py": {
      "lines": 571,
      "size": 20444,
      "modified": 1770660297.4645445,
      "hash": "469aa2a7f14792f7e173cd0aab94d9b5"
    },
    "tools\\scenario_smoke_testv4.py": {
      "lines": 785,
      "size": 29150,
      "modified": 1770662603.1815445,
      "hash": "60e980159a4a6f4a74cb3a19e59b3bfd"
    },
    "tools\\scenario_smoke_testv5.py": {
      "lines": 178,
      "size": 5258,
      "modified": 1770663719.3111508,
      "hash": "62c2210320a7e77fad1b881a344e7c8c"
    },
    "tools\\smoke_test.py": {
      "lines": 513,
      "size": 15959,
      "modified": 1770653769.512813,
      "hash": "ee4989c2886caf174f12cb62f58bdcd6"
    },
    "tools\\smoke_testv3.py": {
      "lines": 154,
      "size": 4269,
      "modified": 1770659006.749526,
      "hash": "0b03c91084fb363e43e2a1895309bfe9"
    },
    "ui\\assets_page.py": {
      "lines": 795,
      "size": 28107,
      "modified": 1770630642.8104997,
      "hash": "ef552c4d32494bc09f676bd6200ae450"
    },
    "ui\\asset_detail_dialog.py": {
      "lines": 2065,
      "size": 77118,
      "modified": 1770586450.1282973,